algorithm,source_file,task_id,round_raw,round_id,accuracy,precision_macro,recall_macro,f1_macro,f1_weighted,test_loss
DeNICE,denice_eval_5seed_summary.csv,0,19,19,0.7484135995291289,0.2873710671210517,0.3618949675506145,0.2958656557477868,0.7146238917733351,2.5042809601575136
DeNICE,denice_eval_5seed_summary.csv,1,19,19,0.7226041256341644,0.3076138778709683,0.3815275216042903,0.3029609146022464,0.674300372951262,13.072161548289577
DeNICE,denice_eval_5seed_summary.csv,2,19,19,0.4201314033656591,0.217015642326794,0.2844762795991419,0.1890801282565901,0.3300268320810032,57.251836916140704
DeNICE,denice_eval_5seed_summary.csv,3,19,19,0.2597018762075506,0.1578617602583055,0.2205224925783265,0.1272023222920345,0.1796756526467382,76.89160886575459
DeNICE,denice_eval_5seed_summary.csv,4,19,19,0.231375165255155,0.1370507010757733,0.1891630079615027,0.1085001397655952,0.1657324200655551,77.87952876330856
DeNICE,denice_eval_5seed_summary.csv,5,19,19,0.2249074042972166,0.1104213537461988,0.160233324284557,0.0912589690826458,0.1572221473645532,79.26902546469366
FL_CGoFed,FL_CGoFed (1).csv,0,19,19,0.769878,0.128313,0.166667,0.144996,0.669777,
FL_CGoFed,FL_CGoFed (1).csv,1,19,19,0.956592,0.471687,0.4138,0.402071,0.93944,0.457112
FL_CGoFed,FL_CGoFed (1).csv,2,19,19,0.8291,0.378125,0.350933,0.336914,0.783275,0.965474
FL_CGoFed,FL_CGoFed (1).csv,3,19,19,0.64438,0.2717,0.334283,0.276213,0.539544,
FL_CGoFed,FL_CGoFed (1).csv,4,19,19,0.508643,0.150006,0.192335,0.151416,0.41524,
FL_CGoFed,FL_CGoFed (1).csv,5,19,19,0.485444,0.128997,0.162752,0.129238,0.39861,
FL_DER,Fed_DER (1).csv,0,19,19,0.769877786,0.128312964,0.166666667,0.144996412,0.6697771,1.050503077
FL_DER,Fed_DER (1).csv,1,19,19,0.366198863,0.093577056,0.171658013,0.091746231,0.197297729,2.032595986
FL_DER,Fed_DER (1).csv,2,19,19,0.14044207,0.061667045,0.174703803,0.052631964,0.035426386,8.101462549
FL_DER,Fed_DER (1).csv,3,19,19,0.097245297,0.073394585,0.134001148,0.065312482,0.028077615,10.53837479
FL_DER,Fed_DER (1).csv,4,19,19,0.094113711,0.061238243,0.128159203,0.040724026,0.020611407,5.557042242
FL_DER,Fed_DER (1).csv,5,19,19,0.178417211,0.029864983,0.106002045,0.040892547,0.065808801,3.128153284
FL_EWC,100 Clients(FedavgEWC).csv,0,19,19,0.989567747,0.654180564,0.512298776,0.523299446,0.985015402,0.054939396
FL_EWC,100 Clients(FedavgEWC).csv,1,19,19,0.930532103,0.396560953,0.477094118,0.427940368,0.900307133,1.508407618
FL_EWC,100 Clients(FedavgEWC).csv,2,19,19,0.408715353,0.122045529,0.293898798,0.158012113,0.274302733,12.52175222
FL_EWC,100 Clients(FedavgEWC).csv,3,19,19,0.201645362,0.08883558,0.211526213,0.101622064,0.076530429,24.55534698
FL_EWC,100 Clients(FedavgEWC).csv,4,19,19,0.027618564,0.01520469,0.091604051,0.012868359,0.002875924,28.19719017
FL_EWC,100 Clients(FedavgEWC).csv,5,19,19,0.026702215,0.016047923,0.058541839,0.020972723,0.013326556,50.81039254
FL_FedCBDR,FL_FedCBDR (1).csv,0,19,19,0.989553102,0.653934072,0.513554411,0.524640418,0.985027412,0.054976713
FL_FedCBDR,FL_FedCBDR (1).csv,1,19,19,0.994501158,0.752774214,0.756253289,0.740106545,0.99580932,0.030234022
FL_FedCBDR,FL_FedCBDR (1).csv,2,19,19,0.876407004,0.717471387,0.682198581,0.638725462,0.845969633,1.011152067
FL_FedCBDR,FL_FedCBDR (1).csv,3,19,19,0.663487396,0.600904292,0.603910109,0.494475586,0.620255098,1.255297452
FL_FedCBDR,FL_FedCBDR (1).csv,4,19,19,0.59771555,0.481395043,0.466476026,0.388758323,0.526279006,1.31603229
FL_FedCBDR,FL_FedCBDR (1).csv,5,19,19,0.611323782,0.460663997,0.449039602,0.369340988,0.540281172,1.171977908
FL_LWF,100 Clients(FedavgLWF).csv,0,19,19,0.769877786,0.128312964,0.166666667,0.144996412,0.6697771,1.996629215
FL_LWF,100 Clients(FedavgLWF).csv,1,19,19,0.954605489,0.244471407,0.248544074,0.238739518,0.948516985,1.157711668
FL_LWF,100 Clients(FedavgLWF).csv,2,19,19,0.604625109,0.238068972,0.225096506,0.176177095,0.509863741,1.910445752
FL_LWF,100 Clients(FedavgLWF).csv,3,19,19,0.198850598,0.120143239,0.153304332,0.064013612,0.079733979,2.28298107
FL_LWF,100 Clients(FedavgLWF).csv,4,19,19,0.179474942,0.025200474,0.115931055,0.040275498,0.065482342,2.9868346
FL_LWF,100 Clients(FedavgLWF).csv,5,19,19,0.178417211,0.029864983,0.106002045,0.040892547,0.065808801,3.128153284
FL_NICE,FL_NICE (1).csv,0,19,19,0.9889038324005164,0.0874712371238015,0.0875831856289335,0.0875252887445743,0.9838585931792972,0.0750757006309328
FL_NICE,FL_NICE (1).csv,1,19,19,0.991655679897788,0.2342367317691283,0.2259095333349785,0.2280011925506986,0.9909874196929432,0.1317340978638624
FL_NICE,FL_NICE (1).csv,2,19,19,0.8554748096097816,0.3288476387992659,0.3059156513236188,0.2836705802184919,0.8537028359900085,1.139326630038808
FL_NICE,FL_NICE (1).csv,3,19,19,0.6886697445770579,0.3922781016588261,0.351986238731392,0.3218389067660329,0.6807527861395959,1.4916981769573878
FL_NICE,FL_NICE (1).csv,4,19,19,0.6834975934862995,0.4259006531389112,0.3967042739005041,0.3652340382825139,0.6745042608335255,1.6844068609342422
FL_NICE,FL_NICE (1).csv,5,19,19,0.679039871178032,0.4254432604816717,0.4024898807417555,0.3719618020221513,0.6707789290666947,1.7553911458334877
IL_DER,results (2).zip::results_il_der_eval/all_round_metrics.csv,0,19,19,0.7939569089875053,0.0903505887361075,0.1282424927590985,0.0887066548819759,0.8738803656260151,19317.09405423081
IL_DER,results (2).zip::results_il_der_eval/all_round_metrics.csv,1,19,19,0.9770502379891172,0.250036368261744,0.2898196096976793,0.2469370606531973,0.9846932141786237,9700.980271799168
IL_DER,results (2).zip::results_il_der_eval/all_round_metrics.csv,2,19,19,0.8638228838441336,0.3575642329056083,0.3723729552125526,0.3254412462408799,0.8287028432246929,79816.24689217903
IL_DER,results (2).zip::results_il_der_eval/all_round_metrics.csv,3,19,19,0.6160724729690066,0.4463886182023174,0.4466653952423604,0.367488122158114,0.5582766283096735,251672.0370639171
IL_DER,results (2).zip::results_il_der_eval/all_round_metrics.csv,4,19,19,0.0285962044471737,0.0034405429696756,0.1166780097761756,0.0066163231374266,0.0022445276201867,1896860.3578219889
IL_DER,results (3).zip::results_il_der_eval/all_round_metrics.csv,5,19,19,0.0263674691359715,0.021144448473282,0.109414933913983,0.0209017590801068,0.008468866403383,458839.2493016018
IL_EWC,IL_EWC (1).csv,0,19,19,0.9906173189062,0.1677777910229438,0.101413268938391,0.110208577683451,0.9880796984655436,0.4003396207160549
IL_EWC,IL_EWC (1).csv,1,19,19,0.931031101298566,0.1598210752520739,0.1744171389522758,0.141269465662516,0.9099731785495422,3.951111888557495
IL_EWC,IL_EWC (1).csv,2,19,19,0.408895706641254,0.1109238528758273,0.1603885076589052,0.0961106024385171,0.3409408270524158,53.50125365283128
IL_EWC,IL_EWC (1).csv,3,19,19,0.2172946815770119,0.0572869572054473,0.1751438104100909,0.0806945418353382,0.0977149070435686,120.52652684835886
IL_EWC,IL_EWC (1).csv,4,19,19,0.0289752117853739,0.0110115738267695,0.1016880693846676,0.0181821574918419,0.004160048016056,74.45950560034292
IL_EWC,IL_EWC (1).csv,5,19,19,0.02679506412481,0.0081746715005053,0.0597138316742454,0.0126515483683021,0.0072829120088748,99.01578102242368
IL_LWF,IL_LWF (1).csv,0,19,19,0.983846362258385,0.0873915667004723,0.0817906370215493,0.0842283177970759,0.9785914450446552,0.273840333133691
IL_LWF,IL_LWF (1).csv,1,19,19,0.9917951723257714,0.2101384335595344,0.2104381104394486,0.2094919470141075,0.9912972468736108,0.9217466651390714
IL_LWF,IL_LWF (1).csv,2,19,19,0.6162528016262628,0.205748345409279,0.1997940595796591,0.1411330214665657,0.5211620844486933,1.5981126375096306
IL_LWF,IL_LWF (1).csv,3,19,19,0.2059045973290141,0.102638631342803,0.1688367444369635,0.0895208191983366,0.0866186053966232,2.2551454226025145
IL_LWF,IL_LWF (1).csv,4,19,19,0.1278034841352545,0.0369126440070156,0.1438661750474354,0.0539200685888641,0.0475289735127927,2.818714106350601
IL_LWF,IL_LWF (1).csv,5,19,19,0.0267629297135276,0.0021495694129448,0.0586335722269844,0.0040796636859621,0.0023786391317683,3.153526754704063
IL_NICE,IL_NICE (1).csv,0,19,19,0.9901852859838268,0.1463769006271277,0.0930863480463509,0.096721211637458,0.9859472024764222,0.0506200609093766
IL_NICE,IL_NICE (1).csv,1,19,19,0.9858758487320723,0.2195647740057012,0.2371185411775461,0.2232346556522609,0.9870072252492524,0.522123871530011
IL_NICE,IL_NICE (1).csv,2,19,19,0.8623972202618663,0.3036351815940082,0.3391665812650562,0.2990849214027067,0.8418759645037935,6.380132284067958
IL_NICE,IL_NICE (1).csv,3,19,19,0.5198219054670614,0.3724345346279348,0.3724212653280958,0.3160804959591928,0.4681648601420329,16.562140956642388
IL_NICE,IL_NICE (1).csv,4,19,19,0.5520980560738259,0.3900178572402997,0.4256113415485504,0.3481386907053437,0.4830398808548041,17.83801053639654
IL_NICE,IL_NICE (1).csv,5,19,19,0.5582727561425408,0.4536485510079029,0.4295642405806616,0.3595710962851125,0.4973214821733269,17.70616024878365
Plexus,100 Clients(Plexus).csv,0,19,19,0.989582,0.655349,0.508862,0.519028,0.984945474,0.058197
Plexus,100 Clients(Plexus).csv,1,39,19,0.930515,0.369394,0.476962,0.397667,0.904238162,1.165033
Plexus,100 Clients(Plexus).csv,2,59,19,0.408771,0.118431,0.297513,0.154202,0.269185539,3.930286
Plexus,100 Clients(Plexus).csv,3,79,19,0.215054,0.079402,0.242522,0.113679,0.087595445,5.271339
Plexus,100 Clients(Plexus).csv,4,99,19,0.047506,0.026135,0.112583,0.036255,0.022360648,1.714083
Plexus,100 Clients(Plexus).csv,5,119,19,0.007944,0.028011,0.029412,0.000465,0.000127703,1.249517
