task_id,round_raw,train_loss,test_loss,accuracy,precision_macro,recall_macro,f1_macro,f1_weighted,algorithm,source_file,round_id
0,0,0.79734577,0.347819036,0.770097464,0.295007825,0.166849956,0.145380586,0.670299116,FedAvgEWC,100 Clients(FedavgEWC).csv,0
0,1,1.542487189,0.098388363,0.983970846,0.495675686,0.470167599,0.481654627,0.978802611,FedAvgEWC,100 Clients(FedavgEWC).csv,1
0,2,0.642930512,0.068502264,0.988127638,0.494928114,0.494661888,0.494779583,0.983084296,FedAvgEWC,100 Clients(FedavgEWC).csv,2
0,3,0.564939914,0.063290663,0.988708563,0.495519258,0.495345628,0.495416631,0.983662751,FedAvgEWC,100 Clients(FedavgEWC).csv,3
0,4,0.535752807,0.062038674,0.988750058,0.494042955,0.496303079,0.495165102,0.983706072,FedAvgEWC,100 Clients(FedavgEWC).csv,4
0,5,0.526258811,0.060598868,0.988962413,0.494885997,0.49637169,0.495620833,0.983916879,FedAvgEWC,100 Clients(FedavgEWC).csv,5
0,6,0.518581687,0.059449724,0.989113747,0.495573409,0.496479861,0.496016702,0.984067272,FedAvgEWC,100 Clients(FedavgEWC).csv,6
0,7,0.499451649,0.059416798,0.989077134,0.495095094,0.496793113,0.495936492,0.984031528,FedAvgEWC,100 Clients(FedavgEWC).csv,7
0,8,0.504221545,0.058134009,0.989160123,0.519273267,0.496958996,0.4963504,0.984124889,FedAvgEWC,100 Clients(FedavgEWC).csv,8
0,9,0.483033972,0.059229342,0.989318779,0.642903481,0.501289299,0.504958154,0.984437173,FedAvgEWC,100 Clients(FedavgEWC).csv,9
0,10,0.491552681,0.057767901,0.989399328,0.651019303,0.505078495,0.511725191,0.984639492,FedAvgEWC,100 Clients(FedavgEWC).csv,10
0,11,0.476149263,0.057141215,0.989326102,0.650239381,0.505783952,0.511957705,0.984580248,FedAvgEWC,100 Clients(FedavgEWC).csv,11
0,12,0.463263308,0.057242845,0.98951893,0.652951197,0.50630179,0.514159531,0.984796523,FedAvgEWC,100 Clients(FedavgEWC).csv,12
0,13,0.471856519,0.056527433,0.989506726,0.652571236,0.505905042,0.513468942,0.984771784,FedAvgEWC,100 Clients(FedavgEWC).csv,13
0,14,0.465611852,0.055626485,0.989597038,0.654953649,0.509271954,0.519039182,0.984960604,FedAvgEWC,100 Clients(FedavgEWC).csv,14
0,15,0.452500265,0.055891261,0.989584833,0.65435832,0.508102077,0.517084643,0.984912053,FedAvgEWC,100 Clients(FedavgEWC).csv,15
0,16,0.45959702,0.055864446,0.989523812,0.653090806,0.509852256,0.519352246,0.984901073,FedAvgEWC,100 Clients(FedavgEWC).csv,16
0,17,0.450211409,0.055107776,0.989662941,0.655085773,0.511225083,0.522474639,0.985086273,FedAvgEWC,100 Clients(FedavgEWC).csv,17
0,18,0.442998097,0.054776512,0.989640973,0.654710209,0.510608812,0.521431717,0.98504679,FedAvgEWC,100 Clients(FedavgEWC).csv,18
0,19,0.43354296,0.054939396,0.989567747,0.654180564,0.512298776,0.523299446,0.985015402,FedAvgEWC,100 Clients(FedavgEWC).csv,19
1,0,0.34711433,0.106989719,0.988085843,0.628999386,0.542219467,0.544470658,0.985980815,FedAvgEWC,100 Clients(FedavgEWC).csv,0
1,1,0.024686975,0.05053397,0.984659842,0.647790251,0.535083636,0.532751796,0.981271434,FedAvgEWC,100 Clients(FedavgEWC).csv,1
1,2,0.01006498,0.061262118,0.982301501,0.622797269,0.559435969,0.52173499,0.976303691,FedAvgEWC,100 Clients(FedavgEWC).csv,2
1,3,0.01132344,0.071242123,0.981366819,0.536236742,0.546682599,0.514095656,0.975432863,FedAvgEWC,100 Clients(FedavgEWC).csv,3
1,4,0.007383529,0.082037748,0.980714462,0.498252154,0.557843434,0.519662934,0.974721654,FedAvgEWC,100 Clients(FedavgEWC).csv,4
1,5,0.00885145,0.100716534,0.980336913,0.497114396,0.556926098,0.518371142,0.974391683,FedAvgEWC,100 Clients(FedavgEWC).csv,5
1,6,0.006859835,0.128688791,0.973555243,0.494382004,0.549412284,0.511762362,0.967233566,FedAvgEWC,100 Clients(FedavgEWC).csv,6
1,7,0.008260362,0.140224651,0.9762634,0.495194275,0.54825059,0.513243668,0.970113434,FedAvgEWC,100 Clients(FedavgEWC).csv,7
1,8,0.00670179,0.189089712,0.957407532,0.488203881,0.522052749,0.489686438,0.947874109,FedAvgEWC,100 Clients(FedavgEWC).csv,8
1,9,0.008232092,0.192280553,0.961512452,0.489391004,0.524705232,0.494665616,0.953054471,FedAvgEWC,100 Clients(FedavgEWC).csv,9
1,10,0.00674833,0.355842361,0.935298066,0.48039978,0.486082876,0.442636394,0.911325385,FedAvgEWC,100 Clients(FedavgEWC).csv,10
1,11,0.007526248,0.391546606,0.932011391,0.478832596,0.477695168,0.431887706,0.903797246,FedAvgEWC,100 Clients(FedavgEWC).csv,11
1,12,0.006793691,0.56803633,0.930475303,0.475446753,0.477383653,0.427072612,0.900054673,FedAvgEWC,100 Clients(FedavgEWC).csv,12
1,13,0.007455218,0.667855795,0.930478979,0.479169301,0.474106741,0.426697806,0.900125089,FedAvgEWC,100 Clients(FedavgEWC).csv,13
1,14,0.006777002,0.815483777,0.93052943,0.395603264,0.479420152,0.428102954,0.900038771,FedAvgEWC,100 Clients(FedavgEWC).csv,14
1,15,0.007356254,0.884046142,0.930527926,0.395795959,0.477253481,0.427711658,0.899942769,FedAvgEWC,100 Clients(FedavgEWC).csv,15
1,16,0.006604423,1.075560471,0.930519573,0.395708562,0.478710167,0.427986076,0.900100088,FedAvgEWC,100 Clients(FedavgEWC).csv,16
1,17,0.007600256,1.174567698,0.930520576,0.395761824,0.476562618,0.427504268,0.89994607,FedAvgEWC,100 Clients(FedavgEWC).csv,17
1,18,0.006744221,1.329508458,0.93047831,0.395588071,0.477925629,0.427626745,0.900157901,FedAvgEWC,100 Clients(FedavgEWC).csv,18
1,19,0.007837352,1.508407618,0.930532103,0.396560953,0.477094118,0.427940368,0.900307133,FedAvgEWC,100 Clients(FedavgEWC).csv,19
2,0,0.441441549,7.025060111,0.407785268,0.183594918,0.281042798,0.165432766,0.247872676,FedAvgEWC,100 Clients(FedavgEWC).csv,0
2,1,0.223240834,8.276196666,0.408586599,0.151872482,0.284419613,0.152327673,0.247148459,FedAvgEWC,100 Clients(FedavgEWC).csv,1
2,2,0.187514959,8.900789508,0.408606627,0.165099373,0.286209225,0.162246652,0.270552726,FedAvgEWC,100 Clients(FedavgEWC).csv,2
2,3,0.183167714,9.052795954,0.408633167,0.160537056,0.28707471,0.161804824,0.266270218,FedAvgEWC,100 Clients(FedavgEWC).csv,3
2,4,0.039805663,9.035140125,0.408649743,0.132983063,0.29185757,0.164273797,0.274873517,FedAvgEWC,100 Clients(FedavgEWC).csv,4
2,5,0.161750551,9.794081597,0.408686741,0.139513488,0.291332084,0.165573861,0.274909806,FedAvgEWC,100 Clients(FedavgEWC).csv,5
2,6,0.189766061,9.832408699,0.408674901,0.150837553,0.290229729,0.16664991,0.274143132,FedAvgEWC,100 Clients(FedavgEWC).csv,6
2,7,0.1999357,9.870248635,0.408681018,0.134281779,0.29136046,0.16344919,0.270653734,FedAvgEWC,100 Clients(FedavgEWC).csv,7
2,8,0.028846,9.77107398,0.408671251,0.124491904,0.293378424,0.160233611,0.273443585,FedAvgEWC,100 Clients(FedavgEWC).csv,8
2,9,0.185891611,10.30374673,0.408711801,0.131392862,0.292357254,0.16330035,0.274527993,FedAvgEWC,100 Clients(FedavgEWC).csv,9
2,10,0.220557489,10.99302364,0.408681808,0.130451967,0.292073279,0.162911225,0.274411383,FedAvgEWC,100 Clients(FedavgEWC).csv,10
2,11,0.029780112,10.75418891,0.408680427,0.121422446,0.293758219,0.157252306,0.273542039,FedAvgEWC,100 Clients(FedavgEWC).csv,11
2,12,0.244200511,11.78619529,0.40865655,0.136638841,0.291748696,0.169005062,0.274758682,FedAvgEWC,100 Clients(FedavgEWC).csv,12
2,13,0.252345722,11.17034126,0.40868309,0.12889681,0.292111708,0.162270437,0.273820473,FedAvgEWC,100 Clients(FedavgEWC).csv,13
2,14,0.231848698,11.83909439,0.408681216,0.125769813,0.292762594,0.16070876,0.274053679,FedAvgEWC,100 Clients(FedavgEWC).csv,14
2,15,0.036486433,11.19287103,0.408689701,0.11951904,0.294333279,0.155433552,0.273008641,FedAvgEWC,100 Clients(FedavgEWC).csv,15
2,16,0.151107464,11.498522,0.408664542,0.133082594,0.292828649,0.167797219,0.274951234,FedAvgEWC,100 Clients(FedavgEWC).csv,16
2,17,0.255875794,11.51544297,0.408698284,0.122973261,0.293363542,0.158840981,0.273403044,FedAvgEWC,100 Clients(FedavgEWC).csv,17
2,18,0.027355338,11.14395543,0.408710814,0.118209782,0.294707411,0.153924161,0.27291753,FedAvgEWC,100 Clients(FedavgEWC).csv,18
2,19,0.277715761,12.52175222,0.408715353,0.122045529,0.293898798,0.158012113,0.274302733,FedAvgEWC,100 Clients(FedavgEWC).csv,19
3,0,1.128399818,23.28648422,0.194976693,0.089936695,0.17388594,0.075669802,0.073465051,FedAvgEWC,100 Clients(FedavgEWC).csv,0
3,1,0.118375618,23.33928287,0.201566275,0.112283636,0.200584765,0.098513017,0.082296856,FedAvgEWC,100 Clients(FedavgEWC).csv,1
3,2,0.236280433,23.74650662,0.200465143,0.119294451,0.18989146,0.094507922,0.077958481,FedAvgEWC,100 Clients(FedavgEWC).csv,2
3,3,0.096245675,22.95828196,0.201237347,0.105877754,0.200578404,0.091633047,0.077784083,FedAvgEWC,100 Clients(FedavgEWC).csv,3
3,4,0.218888586,23.60925576,0.200516299,0.073821773,0.191311453,0.093606894,0.077320515,FedAvgEWC,100 Clients(FedavgEWC).csv,4
3,5,0.239860544,23.14048247,0.200526176,0.078370994,0.190276998,0.095136948,0.079238355,FedAvgEWC,100 Clients(FedavgEWC).csv,5
3,6,0.091340843,22.56214241,0.200960193,0.108749719,0.201528042,0.093972351,0.076981607,FedAvgEWC,100 Clients(FedavgEWC).csv,6
3,7,0.089211844,22.65407829,0.200948388,0.062628338,0.203326361,0.090678317,0.076108517,FedAvgEWC,100 Clients(FedavgEWC).csv,7
3,8,0.226980718,22.97759844,0.200603875,0.072118669,0.19296614,0.093496621,0.07794817,FedAvgEWC,100 Clients(FedavgEWC).csv,8
3,9,0.0888603,23.01069966,0.201011427,0.100875407,0.204548231,0.09313191,0.076488803,FedAvgEWC,100 Clients(FedavgEWC).csv,9
3,10,0.234565223,23.31411826,0.200636204,0.107916343,0.193582214,0.094368575,0.078244056,FedAvgEWC,100 Clients(FedavgEWC).csv,10
3,11,0.088042443,23.07157545,0.201150389,0.102387191,0.205817504,0.096541902,0.077164669,FedAvgEWC,100 Clients(FedavgEWC).csv,11
3,12,0.241538651,23.46176754,0.200744072,0.102869861,0.19529883,0.095360599,0.077598627,FedAvgEWC,100 Clients(FedavgEWC).csv,12
3,13,0.088004534,23.12183353,0.201259183,0.084749544,0.207598571,0.097795401,0.07649581,FedAvgEWC,100 Clients(FedavgEWC).csv,13
3,14,0.087793678,23.37144325,0.201483097,0.080840261,0.209339605,0.097824842,0.07670094,FedAvgEWC,100 Clients(FedavgEWC).csv,14
3,15,0.245040856,23.4939458,0.20114684,0.080261433,0.200899473,0.099439818,0.077988775,FedAvgEWC,100 Clients(FedavgEWC).csv,15
3,16,0.086739062,23.44750571,0.201640038,0.080953541,0.211650432,0.099576033,0.076520487,FedAvgEWC,100 Clients(FedavgEWC).csv,16
3,17,0.087406755,23.55176671,0.201690268,0.076812596,0.211839232,0.099116274,0.07708503,FedAvgEWC,100 Clients(FedavgEWC).csv,17
3,18,0.255754407,24.19021067,0.201177163,0.084152222,0.201827925,0.10038401,0.076960873,FedAvgEWC,100 Clients(FedavgEWC).csv,18
3,19,0.085503966,24.55534698,0.201645362,0.08883558,0.211526213,0.101622064,0.076530429,FedAvgEWC,100 Clients(FedavgEWC).csv,19
4,0,1.753439877,27.55166687,0.02670826,0.007900738,0.083620811,0.010861813,0.002604538,FedAvgEWC,100 Clients(FedavgEWC).csv,0
4,1,0.917842873,28.0642441,0.027158634,0.022641425,0.084241526,0.010661113,0.002671448,FedAvgEWC,100 Clients(FedavgEWC).csv,1
4,2,0.855082141,27.57542211,0.027621476,0.007101023,0.09341729,0.012459852,0.002885972,FedAvgEWC,100 Clients(FedavgEWC).csv,2
4,3,0.835585778,27.40317071,0.027642154,0.007080379,0.093695253,0.012426989,0.002883629,FedAvgEWC,100 Clients(FedavgEWC).csv,3
4,4,0.761480326,28.36871165,0.027271508,0.014997184,0.085933513,0.011032609,0.002691288,FedAvgEWC,100 Clients(FedavgEWC).csv,4
4,5,0.786718709,28.29886052,0.027724047,0.007282554,0.09504754,0.012775059,0.002915912,FedAvgEWC,100 Clients(FedavgEWC).csv,5
4,6,0.730496047,28.76483867,0.027390577,0.015017348,0.088117911,0.011521374,0.002731876,FedAvgEWC,100 Clients(FedavgEWC).csv,6
4,7,0.783999753,28.90372864,0.027769062,0.007395084,0.095762356,0.012959047,0.002934333,FedAvgEWC,100 Clients(FedavgEWC).csv,7
4,8,0.729462581,29.23809077,0.027438355,0.014678282,0.088829353,0.012389656,0.002796,FedAvgEWC,100 Clients(FedavgEWC).csv,8
4,9,0.73203906,29.49913251,0.027485833,0.014271555,0.089663178,0.012071542,0.002793721,FedAvgEWC,100 Clients(FedavgEWC).csv,9
4,10,0.761628586,28.85675155,0.027873873,0.008632375,0.096255471,0.013143394,0.003025702,FedAvgEWC,100 Clients(FedavgEWC).csv,10
4,11,0.720743935,29.3011079,0.027503376,0.013317241,0.08995884,0.012452061,0.002818145,FedAvgEWC,100 Clients(FedavgEWC).csv,11
4,12,0.760244041,28.45845941,0.027909482,0.009002635,0.097552716,0.013547064,0.003117726,FedAvgEWC,100 Clients(FedavgEWC).csv,12
4,13,0.716105491,28.76919834,0.027501137,0.014912474,0.089916193,0.012566142,0.002817782,FedAvgEWC,100 Clients(FedavgEWC).csv,13
4,14,0.763675395,27.37509428,0.027915977,0.009191422,0.098135722,0.013735591,0.00317671,FedAvgEWC,100 Clients(FedavgEWC).csv,14
4,15,0.705702863,28.45574176,0.027563023,0.020794064,0.091038649,0.013417421,0.00288006,FedAvgEWC,100 Clients(FedavgEWC).csv,15
4,16,0.714965492,29.05509011,0.027600573,0.013724156,0.091650725,0.012880813,0.002862254,FedAvgEWC,100 Clients(FedavgEWC).csv,16
4,17,0.741616094,28.05355476,0.028099247,0.009924395,0.097291481,0.013665264,0.003399413,FedAvgEWC,100 Clients(FedavgEWC).csv,17
4,18,0.716827504,27.92380599,0.027630956,0.015246835,0.091974643,0.01322934,0.002905262,FedAvgEWC,100 Clients(FedavgEWC).csv,18
4,19,0.710941485,28.19719017,0.027618564,0.01520469,0.091604051,0.012868359,0.002875924,FedAvgEWC,100 Clients(FedavgEWC).csv,19
5,0,1.392543737,45.43690548,0.02681587,0.00580017,0.058718327,0.009833949,0.006140447,FedAvgEWC,100 Clients(FedavgEWC).csv,0
5,1,2.078358067,52.42158127,0.026791584,0.006810063,0.058680615,0.011216975,0.007034348,FedAvgEWC,100 Clients(FedavgEWC).csv,1
5,2,2.410819495,45.49762085,0.026824163,0.005532857,0.058731204,0.00945428,0.005894848,FedAvgEWC,100 Clients(FedavgEWC).csv,2
5,3,2.714201266,48.45269655,0.026817647,0.005751062,0.058721086,0.009764666,0.006095637,FedAvgEWC,100 Clients(FedavgEWC).csv,3
5,4,2.480004921,48.64984949,0.026816018,0.00604312,0.058718557,0.010174561,0.006360688,FedAvgEWC,100 Clients(FedavgEWC).csv,4
5,5,2.695248751,48.96206875,0.026815722,0.006180586,0.058718097,0.010365176,0.00648391,FedAvgEWC,100 Clients(FedavgEWC).csv,5
5,6,2.641207256,48.31441895,0.026817277,0.006249605,0.058720511,0.010460475,0.006545506,FedAvgEWC,100 Clients(FedavgEWC).csv,6
5,7,2.973208344,49.23838631,0.026805948,0.007167364,0.05870292,0.011690121,0.007339929,FedAvgEWC,100 Clients(FedavgEWC).csv,7
5,8,3.328332183,48.2738717,0.026810391,0.006940552,0.058709819,0.011392291,0.007147571,FedAvgEWC,100 Clients(FedavgEWC).csv,8
5,9,3.092782639,50.69270063,0.02677337,0.008943413,0.058652331,0.013897653,0.008764846,FedAvgEWC,100 Clients(FedavgEWC).csv,9
5,10,3.488238275,49.18570248,0.0267884,0.00892958,0.058675671,0.013883686,0.008755821,FedAvgEWC,100 Clients(FedavgEWC).csv,10
5,11,3.16303055,50.43642186,0.026776183,0.009200492,0.0586567,0.014201184,0.008960671,FedAvgEWC,100 Clients(FedavgEWC).csv,11
5,12,2.790210357,50.32278004,0.026772111,0.009337308,0.058650376,0.014360105,0.009063199,FedAvgEWC,100 Clients(FedavgEWC).csv,12
5,13,3.12584423,49.95112417,0.026767817,0.009561955,0.058643708,0.014618958,0.009230185,FedAvgEWC,100 Clients(FedavgEWC).csv,13
5,14,3.267426516,50.83332343,0.026742642,0.011549901,0.058604616,0.016784838,0.010627001,FedAvgEWC,100 Clients(FedavgEWC).csv,14
5,15,2.902731216,50.97093818,0.026721318,0.014351588,0.058571503,0.019498504,0.012376396,FedAvgEWC,100 Clients(FedavgEWC).csv,15
5,16,2.980883459,50.02896254,0.026744271,0.014439266,0.058607146,0.019585571,0.012432502,FedAvgEWC,100 Clients(FedavgEWC).csv,16
5,17,3.213352742,50.5904833,0.026723539,0.015534283,0.058574952,0.020544209,0.013050375,FedAvgEWC,100 Clients(FedavgEWC).csv,17
5,18,2.931530372,50.9510883,0.026684593,0.016230066,0.058514475,0.021118194,0.013420316,FedAvgEWC,100 Clients(FedavgEWC).csv,18
5,19,2.866429744,50.81039254,0.026702215,0.016047923,0.058541839,0.020972723,0.013326556,FedAvgEWC,100 Clients(FedavgEWC).csv,19
0,0,1.88282233,3.555737254,0.0,0.0,0.0,0.0,0.0,FedAvgLWF,100 Clients(FedavgLWF).csv,0
0,1,1.824767221,3.504608919,2.68495e-05,0.071428571,2.49107e-06,4.98197e-06,5.36971e-05,FedAvgLWF,100 Clients(FedavgLWF).csv,1
0,2,1.76872655,3.422268932,0.003590511,0.076197876,0.000358749,0.000714136,0.007147371,FedAvgLWF,100 Clients(FedavgLWF).csv,2
0,3,1.715237423,3.336027882,0.051809779,0.076397587,0.005176624,0.00969624,0.097043956,FedAvgLWF,100 Clients(FedavgLWF).csv,3
0,4,1.666187644,3.252150063,0.256381029,0.076054908,0.025616556,0.038324713,0.383569485,FedAvgLWF,100 Clients(FedavgLWF).csv,4
0,5,1.619072367,3.169426512,0.517538828,0.082056611,0.056019587,0.066583199,0.615131106,FedAvgLWF,100 Clients(FedavgLWF).csv,5
0,6,1.575317868,3.086374342,0.63755855,0.081268956,0.069010796,0.074639934,0.689563522,FedAvgLWF,100 Clients(FedavgLWF).csv,6
0,7,1.535869196,3.002876056,0.723052252,0.075092221,0.07826483,0.076645709,0.708093943,FedAvgLWF,100 Clients(FedavgLWF).csv,7
0,8,1.500189919,2.918362094,0.742252088,0.072518655,0.087646979,0.07936835,0.672143227,FedAvgLWF,100 Clients(FedavgLWF).csv,8
0,9,1.466902453,2.833073643,0.756323668,0.085777086,0.10915494,0.09606418,0.665619105,FedAvgLWF,100 Clients(FedavgLWF).csv,9
0,10,1.438238194,2.747901153,0.769060097,0.096310939,0.124867237,0.108745637,0.669766805,FedAvgLWF,100 Clients(FedavgLWF).csv,10
0,11,1.416018093,2.664469578,0.769877786,0.096235193,0.125,0.108747609,0.669778947,FedAvgLWF,100 Clients(FedavgLWF).csv,11
0,12,1.394526867,2.578459583,0.769877786,0.128312964,0.166666667,0.144996412,0.6697771,FedAvgLWF,100 Clients(FedavgLWF).csv,12
0,13,1.378695108,2.496605849,0.769877786,0.128312964,0.166666667,0.144996412,0.6697771,FedAvgLWF,100 Clients(FedavgLWF).csv,13
0,14,1.365889441,2.408652874,0.769877786,0.128312964,0.166666667,0.144996412,0.6697771,FedAvgLWF,100 Clients(FedavgLWF).csv,14
0,15,1.35787886,2.323018456,0.769877786,0.128312964,0.166666667,0.144996412,0.6697771,FedAvgLWF,100 Clients(FedavgLWF).csv,15
0,16,1.354555873,2.239487605,0.769877786,0.128312964,0.166666667,0.144996412,0.6697771,FedAvgLWF,100 Clients(FedavgLWF).csv,16
0,17,1.352145227,2.153491039,0.769877786,0.128312964,0.166666667,0.144996412,0.6697771,FedAvgLWF,100 Clients(FedavgLWF).csv,17
0,18,1.355034339,2.075998458,0.769877786,0.128312964,0.166666667,0.144996412,0.6697771,FedAvgLWF,100 Clients(FedavgLWF).csv,18
0,19,1.358288421,1.996629215,0.769877786,0.128312964,0.166666667,0.144996412,0.6697771,FedAvgLWF,100 Clients(FedavgLWF).csv,19
1,0,2.685729563,2.932969816,0.385617713,0.089856417,0.163444966,0.093962154,0.346766067,FedAvgLWF,100 Clients(FedavgLWF).csv,0
1,1,1.79191678,2.427468632,0.761813087,0.174521986,0.214207882,0.179189574,0.730370653,FedAvgLWF,100 Clients(FedavgLWF).csv,1
1,2,1.330207653,1.88725552,0.950453793,0.264045598,0.272234983,0.267898298,0.934305432,FedAvgLWF,100 Clients(FedavgLWF).csv,2
1,3,1.060419101,1.577141596,0.950045172,0.266151508,0.269758713,0.267783895,0.932801958,FedAvgLWF,100 Clients(FedavgLWF).csv,3
1,4,0.983045138,1.455270387,0.949909856,0.266382564,0.268615129,0.267273039,0.932460692,FedAvgLWF,100 Clients(FedavgLWF).csv,4
1,5,0.901485321,1.360368541,0.950256833,0.312496975,0.268407158,0.267098109,0.932622169,FedAvgLWF,100 Clients(FedavgLWF).csv,5
1,6,0.847940893,1.316325296,0.950740296,0.275221237,0.255148911,0.254835349,0.933919958,FedAvgLWF,100 Clients(FedavgLWF).csv,6
1,7,0.753177468,1.223711489,0.960511782,0.24155797,0.240983329,0.241126725,0.953177796,FedAvgLWF,100 Clients(FedavgLWF).csv,7
1,8,0.738187699,1.226430772,0.970268066,0.26225708,0.274391915,0.26643725,0.964267757,FedAvgLWF,100 Clients(FedavgLWF).csv,8
1,9,0.717405659,1.183631208,0.969873645,0.262159037,0.274233064,0.265854424,0.964132135,FedAvgLWF,100 Clients(FedavgLWF).csv,9
1,10,0.710126709,1.172365344,0.968035352,0.249151522,0.260276312,0.251774611,0.96264541,FedAvgLWF,100 Clients(FedavgLWF).csv,10
1,11,0.700443331,1.181412445,0.966884832,0.248409815,0.259228528,0.250291863,0.961787841,FedAvgLWF,100 Clients(FedavgLWF).csv,11
1,12,0.689197063,1.150926174,0.965482056,0.236938015,0.246863874,0.237972143,0.960538538,FedAvgLWF,100 Clients(FedavgLWF).csv,12
1,13,0.683695845,1.14994629,0.96400945,0.236241392,0.245663139,0.236462863,0.959180683,FedAvgLWF,100 Clients(FedavgLWF).csv,13
1,14,0.716383253,1.180109014,0.961749172,0.235599976,0.243805234,0.23472646,0.956430775,FedAvgLWF,100 Clients(FedavgLWF).csv,14
1,15,0.678290517,1.14631934,0.959535335,0.245580232,0.252855275,0.243227588,0.953915887,FedAvgLWF,100 Clients(FedavgLWF).csv,15
1,16,0.672147969,1.162608841,0.958376295,0.23462378,0.240859314,0.231557282,0.952927706,FedAvgLWF,100 Clients(FedavgLWF).csv,16
1,17,0.70247299,1.166730597,0.958114851,0.234709107,0.240602585,0.231491709,0.952462319,FedAvgLWF,100 Clients(FedavgLWF).csv,17
1,18,0.696085206,1.168826185,0.956343214,0.24500101,0.250036884,0.240446247,0.950594468,FedAvgLWF,100 Clients(FedavgLWF).csv,18
1,19,0.685893,1.157711668,0.954605489,0.244471407,0.248544074,0.238739518,0.948516985,FedAvgLWF,100 Clients(FedavgLWF).csv,19
2,0,2.7090324,1.993715921,0.707213295,0.242100686,0.250821962,0.213636835,0.619902886,FedAvgLWF,100 Clients(FedavgLWF).csv,0
2,1,2.257316026,1.936506145,0.827306262,0.310078914,0.317353253,0.284415447,0.785910171,FedAvgLWF,100 Clients(FedavgLWF).csv,1
2,2,1.989328841,2.178187517,0.834487858,0.378449495,0.362475658,0.324275667,0.782792117,FedAvgLWF,100 Clients(FedavgLWF).csv,2
2,3,1.751576603,1.587449452,0.835318788,0.330579707,0.344756397,0.308452277,0.784184939,FedAvgLWF,100 Clients(FedavgLWF).csv,3
2,4,1.596022738,1.573381063,0.837766193,0.311068418,0.314195529,0.282313381,0.785457846,FedAvgLWF,100 Clients(FedavgLWF).csv,4
2,5,1.474128357,1.547868029,0.836350297,0.312883259,0.313884764,0.282291379,0.784132685,FedAvgLWF,100 Clients(FedavgLWF).csv,5
2,6,1.332335409,1.590100847,0.83293127,0.263743526,0.265013199,0.238148581,0.780730461,FedAvgLWF,100 Clients(FedavgLWF).csv,6
2,7,1.320294832,1.5753288,0.821665962,0.252603857,0.253159566,0.227487123,0.770198182,FedAvgLWF,100 Clients(FedavgLWF).csv,7
2,8,1.354944445,1.6958131,0.796440005,0.257792732,0.238895408,0.214670121,0.747033972,FedAvgLWF,100 Clients(FedavgLWF).csv,8
2,9,1.262971604,1.618069478,0.818610109,0.214643272,0.245492165,0.224670979,0.769432762,FedAvgLWF,100 Clients(FedavgLWF).csv,9
2,10,1.270987292,1.587742687,0.818501976,0.229768481,0.257649616,0.2380258,0.771865024,FedAvgLWF,100 Clients(FedavgLWF).csv,10
2,11,1.181972079,1.64341437,0.811725387,0.275408178,0.274214739,0.248451831,0.766303259,FedAvgLWF,100 Clients(FedavgLWF).csv,11
2,12,1.162105539,1.641954201,0.759586256,0.270865544,0.267243511,0.239634024,0.71510998,FedAvgLWF,100 Clients(FedavgLWF).csv,12
2,13,1.207152857,1.602015803,0.792521551,0.274975633,0.274035014,0.247502668,0.748935906,FedAvgLWF,100 Clients(FedavgLWF).csv,13
2,14,1.25481852,1.932684097,0.616489294,0.27063512,0.239249602,0.202368498,0.522569659,FedAvgLWF,100 Clients(FedavgLWF).csv,14
2,15,1.134016337,1.676404538,0.702610425,0.273783942,0.254004783,0.224603169,0.655447115,FedAvgLWF,100 Clients(FedavgLWF).csv,15
2,16,1.180486152,1.626991771,0.700629788,0.282978795,0.256922606,0.225148689,0.654403043,FedAvgLWF,100 Clients(FedavgLWF).csv,16
2,17,1.193541199,1.634124952,0.693108204,0.282036896,0.252449156,0.218893258,0.645714251,FedAvgLWF,100 Clients(FedavgLWF).csv,17
2,18,1.117584717,1.682278372,0.636856354,0.239572334,0.234438893,0.188755413,0.560019525,FedAvgLWF,100 Clients(FedavgLWF).csv,18
2,19,1.17572654,1.910445752,0.604625109,0.238068972,0.225096506,0.176177095,0.509863741,FedAvgLWF,100 Clients(FedavgLWF).csv,19
3,0,3.307957761,2.044992289,0.564608804,0.230500355,0.231203977,0.179395672,0.471759,FedAvgLWF,100 Clients(FedavgLWF).csv,0
3,1,3.006637336,2.024435458,0.63865172,0.25738495,0.244684452,0.197580074,0.547490884,FedAvgLWF,100 Clients(FedavgLWF).csv,1
3,2,2.742658593,2.0144673,0.660718094,0.260206234,0.271893154,0.216366286,0.567544899,FedAvgLWF,100 Clients(FedavgLWF).csv,2
3,3,2.51894689,2.031406226,0.660512389,0.233361237,0.271683639,0.216921077,0.570293657,FedAvgLWF,100 Clients(FedavgLWF).csv,3
3,4,2.324092812,2.042827812,0.614181314,0.254979301,0.301964785,0.231767034,0.516122077,FedAvgLWF,100 Clients(FedavgLWF).csv,4
3,5,2.09867411,2.065469328,0.60431874,0.244495693,0.299879176,0.234391735,0.517043226,FedAvgLWF,100 Clients(FedavgLWF).csv,5
3,6,1.945992543,2.088158628,0.562334861,0.258684934,0.296897898,0.220944189,0.478699138,FedAvgLWF,100 Clients(FedavgLWF).csv,6
3,7,1.835963975,2.129906179,0.50076958,0.278483281,0.271382037,0.204955578,0.432333441,FedAvgLWF,100 Clients(FedavgLWF).csv,7
3,8,1.71735368,2.16063916,0.39255402,0.248347724,0.218864534,0.149465285,0.315125583,FedAvgLWF,100 Clients(FedavgLWF).csv,8
3,9,1.625308456,2.190658742,0.370767192,0.202028955,0.210836273,0.140454326,0.292780494,FedAvgLWF,100 Clients(FedavgLWF).csv,9
3,10,1.543689179,2.200284151,0.232283909,0.203798193,0.183562147,0.10311357,0.139525419,FedAvgLWF,100 Clients(FedavgLWF).csv,10
3,11,1.491607411,2.219537969,0.201038046,0.157506676,0.175076116,0.080538734,0.083251103,FedAvgLWF,100 Clients(FedavgLWF).csv,11
3,12,1.450584818,2.239196209,0.200837279,0.130931728,0.167033002,0.076863441,0.082530039,FedAvgLWF,100 Clients(FedavgLWF).csv,12
3,13,1.366555671,2.240228411,0.200858421,0.092842458,0.166800606,0.076929218,0.082362382,FedAvgLWF,100 Clients(FedavgLWF).csv,13
3,14,1.312932203,2.236043877,0.200766911,0.129907032,0.165809881,0.075543162,0.081998492,FedAvgLWF,100 Clients(FedavgLWF).csv,14
3,15,1.263981106,2.243024245,0.200529957,0.129310499,0.163903628,0.074450366,0.081827442,FedAvgLWF,100 Clients(FedavgLWF).csv,15
3,16,1.295499421,2.254127615,0.200267926,0.131426863,0.162025182,0.074538292,0.081817911,FedAvgLWF,100 Clients(FedavgLWF).csv,16
3,17,1.268111301,2.256699666,0.200332199,0.133561575,0.162221165,0.075586395,0.082120542,FedAvgLWF,100 Clients(FedavgLWF).csv,17
3,18,1.289622991,2.272208795,0.199332223,0.126835966,0.156177333,0.06857887,0.080733918,FedAvgLWF,100 Clients(FedavgLWF).csv,18
3,19,1.273318811,2.28298107,0.198850598,0.120143239,0.153304332,0.064013612,0.079733979,FedAvgLWF,100 Clients(FedavgLWF).csv,19
4,0,3.632577369,2.849375755,0.191200654,0.038498174,0.131581868,0.05577719,0.074398773,FedAvgLWF,100 Clients(FedavgLWF).csv,0
4,1,3.601885696,2.931349074,0.190434503,0.038576104,0.130797,0.055712352,0.074214565,FedAvgLWF,100 Clients(FedavgLWF).csv,1
4,2,3.56686372,2.950486033,0.190276465,0.038534754,0.130653822,0.055631727,0.074010834,FedAvgLWF,100 Clients(FedavgLWF).csv,2
4,3,3.538256802,2.965986787,0.190111036,0.038547539,0.130473208,0.055590452,0.073871589,FedAvgLWF,100 Clients(FedavgLWF).csv,3
4,4,3.507700167,2.972197272,0.190096703,0.038547463,0.130450922,0.055581233,0.073848385,FedAvgLWF,100 Clients(FedavgLWF).csv,4
4,5,3.476338883,2.975133289,0.190073487,0.038542032,0.130421141,0.055565885,0.073823075,FedAvgLWF,100 Clients(FedavgLWF).csv,5
4,6,3.444255844,2.967879618,0.190096778,0.038571064,0.130441802,0.055570393,0.073866432,FedAvgLWF,100 Clients(FedavgLWF).csv,6
4,7,3.412795609,2.974378241,0.190020036,0.038588883,0.130341286,0.055550283,0.073791015,FedAvgLWF,100 Clients(FedavgLWF).csv,7
4,8,3.382880439,2.970896353,0.190055794,0.03857166,0.130376485,0.055545224,0.073806455,FedAvgLWF,100 Clients(FedavgLWF).csv,8
4,9,3.355039207,2.972992409,0.190043029,0.040327375,0.130352754,0.055537126,0.073778496,FedAvgLWF,100 Clients(FedavgLWF).csv,9
4,10,3.327790394,2.990773555,0.188996335,0.039781351,0.128834889,0.055952524,0.073887287,FedAvgLWF,100 Clients(FedavgLWF).csv,10
4,11,3.28868631,2.971694674,0.189964569,0.039523741,0.130231509,0.055675825,0.07396996,FedAvgLWF,100 Clients(FedavgLWF).csv,11
4,12,3.26554269,2.979087261,0.189833929,0.039062585,0.130049219,0.055927246,0.074305427,FedAvgLWF,100 Clients(FedavgLWF).csv,12
4,13,3.236167099,2.979729095,0.189682236,0.040384611,0.129831335,0.056144859,0.074471618,FedAvgLWF,100 Clients(FedavgLWF).csv,13
4,14,3.206161358,2.979006618,0.189523004,0.039668718,0.12959054,0.056346843,0.074666293,FedAvgLWF,100 Clients(FedavgLWF).csv,14
4,15,3.17795106,2.983447559,0.187601764,0.04012397,0.12661426,0.055739472,0.074298826,FedAvgLWF,100 Clients(FedavgLWF).csv,15
4,16,3.150367551,2.982140934,0.182558735,0.042706501,0.118693047,0.05351152,0.073032505,FedAvgLWF,100 Clients(FedavgLWF).csv,16
4,17,3.122125526,2.986662394,0.170836904,0.037900512,0.100376763,0.035884669,0.061958822,FedAvgLWF,100 Clients(FedavgLWF).csv,17
4,18,3.09313045,2.984753528,0.179094143,0.030558292,0.115091062,0.040116284,0.065247462,FedAvgLWF,100 Clients(FedavgLWF).csv,18
4,19,3.067889051,2.9868346,0.179474942,0.025200474,0.115931055,0.040275498,0.065482342,FedAvgLWF,100 Clients(FedavgLWF).csv,19
5,0,3.619922169,3.057364271,0.177463989,0.021998788,0.101844772,0.035212865,0.064143828,FedAvgLWF,100 Clients(FedavgLWF).csv,0
5,1,3.600570119,3.08600317,0.177207284,0.022638769,0.101590297,0.035167423,0.064017415,FedAvgLWF,100 Clients(FedavgLWF).csv,1
5,2,3.583169696,3.100101602,0.177081634,0.022555978,0.10144207,0.035123834,0.063931436,FedAvgLWF,100 Clients(FedavgLWF).csv,2
5,3,3.566829782,3.109823328,0.177040911,0.022604379,0.101381403,0.035100949,0.063883761,FedAvgLWF,100 Clients(FedavgLWF).csv,3
5,4,3.540084042,3.113723658,0.177023437,0.022426574,0.101342724,0.035082744,0.063852411,FedAvgLWF,100 Clients(FedavgLWF).csv,4
5,5,3.517036851,3.116828374,0.177027361,0.022444906,0.101330146,0.035074473,0.063834485,FedAvgLWF,100 Clients(FedavgLWF).csv,5
5,6,3.491476265,3.118100694,0.177039578,0.022729,0.101330947,0.035073021,0.063824503,FedAvgLWF,100 Clients(FedavgLWF).csv,6
5,7,3.472345193,3.119262364,0.177058385,0.02282302,0.101335383,0.035071397,0.063817631,FedAvgLWF,100 Clients(FedavgLWF).csv,7
5,8,3.451988316,3.121174007,0.177062013,0.026698326,0.101333524,0.035073576,0.063807983,FedAvgLWF,100 Clients(FedavgLWF).csv,8
5,9,3.431914863,3.122063364,0.177059347,0.029234634,0.101329288,0.035076177,0.063798821,FedAvgLWF,100 Clients(FedavgLWF).csv,9
5,10,3.422910206,3.122319274,0.177072157,0.029347485,0.101335222,0.035077154,0.063793693,FedAvgLWF,100 Clients(FedavgLWF).csv,10
5,11,3.403062384,3.1236557,0.177077932,0.02895801,0.101335971,0.035077884,0.063788226,FedAvgLWF,100 Clients(FedavgLWF).csv,11
5,12,3.377129369,3.126857611,0.177056016,0.028939296,0.101321828,0.035079935,0.063779129,FedAvgLWF,100 Clients(FedavgLWF).csv,12
5,13,3.373957265,3.126789449,0.177099108,0.030369052,0.101341825,0.035079395,0.063775474,FedAvgLWF,100 Clients(FedavgLWF).csv,13
5,14,3.354769173,3.126433622,0.177128133,0.034301494,0.101390394,0.035158965,0.063800117,FedAvgLWF,100 Clients(FedavgLWF).csv,14
5,15,3.311050006,3.128009654,0.177180703,0.038202376,0.101606302,0.03560008,0.063927146,FedAvgLWF,100 Clients(FedavgLWF).csv,15
5,16,3.297352289,3.126404173,0.177364254,0.035132243,0.102210714,0.036676377,0.064270947,FedAvgLWF,100 Clients(FedavgLWF).csv,16
5,17,3.271364555,3.126971918,0.17767464,0.030999057,0.103300122,0.038295084,0.064818231,FedAvgLWF,100 Clients(FedavgLWF).csv,17
5,18,3.252765228,3.128717487,0.178029303,0.030187255,0.104615373,0.03974739,0.065362892,FedAvgLWF,100 Clients(FedavgLWF).csv,18
5,19,3.23323999,3.128153284,0.178417211,0.029864983,0.106002045,0.040892547,0.065808801,FedAvgLWF,100 Clients(FedavgLWF).csv,19
0,0,206.387,0.521065,0.769878,0.128313,0.166667,0.144996,0.6697771,Plexus,100 Clients(Plexus).csv,0
0,1,248.261,0.198661,0.961725,0.324895,0.326735,0.32567,0.946907425,Plexus,100 Clients(Plexus).csv,1
0,2,1.121021,0.097253,0.983776,0.495644,0.471687,0.482572,0.978627788,Plexus,100 Clients(Plexus).csv,2
0,3,0.44293,0.077135,0.986707,0.496198,0.484176,0.489856,0.981634431,Plexus,100 Clients(Plexus).csv,3
0,4,0.608419,0.068244,0.98853,0.496391,0.49393,0.495118,0.983482773,Plexus,100 Clients(Plexus).csv,4
0,5,0.579986,0.07053,0.988386,0.495642,0.494823,0.495213,0.983341801,Plexus,100 Clients(Plexus).csv,5
0,6,0.704972,0.066399,0.988748,0.495255,0.495613,0.495422,0.983702072,Plexus,100 Clients(Plexus).csv,6
0,7,0.717042,0.064377,0.988789,0.49473,0.495992,0.495352,0.983744068,Plexus,100 Clients(Plexus).csv,7
0,8,0.470658,0.059578,0.98908,0.662605,0.495915,0.496058,0.984035691,Plexus,100 Clients(Plexus).csv,8
0,9,0.420249,0.062353,0.989072,0.495417,0.496337,0.495867,0.984025788,Plexus,100 Clients(Plexus).csv,9
0,10,0.6501,0.061164,0.989128,0.519596,0.496498,0.496278,0.984092546,Plexus,100 Clients(Plexus).csv,10
0,11,0.622674,0.062708,0.989111,0.495667,0.496442,0.496044,0.984064785,Plexus,100 Clients(Plexus).csv,11
0,12,0.637885,0.063193,0.989114,0.519535,0.496486,0.496242,0.98407799,Plexus,100 Clients(Plexus).csv,12
0,13,0.585553,0.059306,0.989136,0.648523,0.505985,0.511187,0.984392666,Plexus,100 Clients(Plexus).csv,13
0,14,0.395414,0.060711,0.989238,0.600676,0.497351,0.498375,0.98423423,Plexus,100 Clients(Plexus).csv,14
0,15,0.608159,0.063201,0.989192,0.646221,0.50311,0.507357,0.984365356,Plexus,100 Clients(Plexus).csv,15
0,16,0.451535,0.057291,0.989319,0.650545,0.506084,0.512474,0.984582532,Plexus,100 Clients(Plexus).csv,16
0,17,0.563756,0.064406,0.989307,0.650224,0.505181,0.51138,0.984547619,Plexus,100 Clients(Plexus).csv,17
0,18,0.689975,0.060353,0.989346,0.650603,0.505443,0.511833,0.984592882,Plexus,100 Clients(Plexus).csv,18
0,19,0.412113,0.058197,0.989582,0.655349,0.508862,0.519028,0.984945474,Plexus,100 Clients(Plexus).csv,19
1,20,4.128178,128.649,0.708586,0.27611,0.249349,0.214307,0.616996568,Plexus,100 Clients(Plexus).csv,0
1,21,0.289873,0.484546,0.928608,0.357128,0.41508,0.380011,0.898025775,Plexus,100 Clients(Plexus).csv,1
1,22,0.018126,0.485312,0.929533,0.370027,0.418405,0.381793,0.900693797,Plexus,100 Clients(Plexus).csv,2
1,23,0.005845,0.510368,0.930243,0.374197,0.460555,0.403324,0.903160065,Plexus,100 Clients(Plexus).csv,3
1,24,0.004432,0.578816,0.930451,0.365632,0.475213,0.394082,0.905665585,Plexus,100 Clients(Plexus).csv,4
1,25,0.003837,0.655551,0.93049,0.365284,0.476699,0.393583,0.905693671,Plexus,100 Clients(Plexus).csv,5
1,26,0.003219,0.692856,0.930505,0.364061,0.478813,0.390495,0.90622492,Plexus,100 Clients(Plexus).csv,6
1,27,0.00321,0.741845,0.930522,0.363418,0.480707,0.388508,0.907061528,Plexus,100 Clients(Plexus).csv,7
1,28,0.00303,0.797796,0.930481,0.364909,0.480694,0.389987,0.90622871,Plexus,100 Clients(Plexus).csv,8
1,29,0.003193,0.860069,0.930514,0.365832,0.481179,0.391251,0.905811443,Plexus,100 Clients(Plexus).csv,9
1,30,0.002948,0.864477,0.9305,0.366769,0.480705,0.391095,0.906058176,Plexus,100 Clients(Plexus).csv,10
1,31,0.002911,0.899124,0.930499,0.365117,0.478987,0.391085,0.90595781,Plexus,100 Clients(Plexus).csv,11
1,32,0.00272,0.89244,0.930564,0.363929,0.480156,0.388838,0.907029736,Plexus,100 Clients(Plexus).csv,12
1,33,0.003076,0.946343,0.930605,0.364889,0.482607,0.388473,0.907725791,Plexus,100 Clients(Plexus).csv,13
1,34,0.002409,10.304,0.930505,0.366599,0.479141,0.391836,0.905379301,Plexus,100 Clients(Plexus).csv,14
1,35,0.002918,1.051943,0.930555,0.367971,0.482119,0.391263,0.90697542,Plexus,100 Clients(Plexus).csv,15
1,36,0.002504,1.087621,0.930569,0.366745,0.481344,0.390925,0.906365013,Plexus,100 Clients(Plexus).csv,16
1,37,0.002646,1.019406,0.930482,0.367737,0.477493,0.392835,0.90479227,Plexus,100 Clients(Plexus).csv,17
1,38,0.002595,1.177962,0.930535,0.367364,0.479468,0.393805,0.904647131,Plexus,100 Clients(Plexus).csv,18
1,39,0.00257,1.165033,0.930515,0.369394,0.476962,0.397667,0.904238162,Plexus,100 Clients(Plexus).csv,19
2,40,1.378084,1.617163,0.466548,0.232951,0.224848,0.19109,0.38745193,Plexus,100 Clients(Plexus).csv,0
2,41,1.136002,3.311895,0.713016,0.286397,0.314051,0.287287,0.642978675,Plexus,100 Clients(Plexus).csv,1
2,42,0.5618,5.686054,0.569144,0.355653,0.345947,0.265901,0.474665452,Plexus,100 Clients(Plexus).csv,2
2,43,0.29403,9.236561,0.522778,0.269827,0.346125,0.245111,0.386946731,Plexus,100 Clients(Plexus).csv,3
2,44,0.412765,1.205962,0.522768,0.198694,0.347399,0.236392,0.389251118,Plexus,100 Clients(Plexus).csv,4
2,45,0.383355,1.531177,0.5076,0.194772,0.339606,0.224034,0.384176529,Plexus,100 Clients(Plexus).csv,5
2,46,0.264878,1.813244,0.410998,0.185437,0.293564,0.166738,0.271870573,Plexus,100 Clients(Plexus).csv,6
2,47,0.133284,2.118575,0.40998,0.193359,0.292252,0.168336,0.273164309,Plexus,100 Clients(Plexus).csv,7
2,48,0.258937,2.358043,0.409474,0.17968,0.295751,0.161514,0.27117479,Plexus,100 Clients(Plexus).csv,8
2,49,0.349784,2.475361,0.409404,0.173645,0.294091,0.158648,0.2626517,Plexus,100 Clients(Plexus).csv,9
2,50,0.14397,2.772529,0.408769,0.169489,0.293376,0.155913,0.254415872,Plexus,100 Clients(Plexus).csv,10
2,51,0.313024,293.873,0.408773,0.181071,0.295043,0.162027,0.269598212,Plexus,100 Clients(Plexus).csv,11
2,52,0.291432,2.992571,0.408746,0.175112,0.296731,0.155742,0.26944716,Plexus,100 Clients(Plexus).csv,12
2,53,0.386406,3.110552,0.408763,0.179942,0.295742,0.161217,0.269425658,Plexus,100 Clients(Plexus).csv,13
2,54,0.317575,3.264229,0.408765,0.167675,0.296594,0.153305,0.259061667,Plexus,100 Clients(Plexus).csv,14
2,55,0.339314,3.461495,0.408783,0.116168,0.296359,0.155645,0.263471376,Plexus,100 Clients(Plexus).csv,15
2,56,0.310792,3.518272,0.408675,0.114709,0.300686,0.152858,0.264075944,Plexus,100 Clients(Plexus).csv,16
2,57,0.384551,3.673401,0.408791,0.116399,0.295475,0.157035,0.26056082,Plexus,100 Clients(Plexus).csv,17
2,58,0.362061,3.853863,0.408778,0.118195,0.297062,0.154404,0.268617213,Plexus,100 Clients(Plexus).csv,18
2,59,0.420253,3.930286,0.408771,0.118431,0.297513,0.154202,0.269185539,Plexus,100 Clients(Plexus).csv,19
3,60,4.389873,2.792556,0.16478,0.158461,0.140538,0.06746,0.113082281,Plexus,100 Clients(Plexus).csv,0
3,61,1.296883,1.021909,0.200633,0.055032,0.191062,0.080855,0.07831581,Plexus,100 Clients(Plexus).csv,1
3,62,0.407175,1.718492,0.199002,0.097566,0.166052,0.06863,0.077729149,Plexus,100 Clients(Plexus).csv,2
3,63,0.170718,203.873,0.200399,0.067264,0.19018,0.09282,0.080673411,Plexus,100 Clients(Plexus).csv,3
3,64,0.136226,2.368751,0.201688,0.070521,0.197311,0.097774,0.083772937,Plexus,100 Clients(Plexus).csv,4
3,65,0.24505,26.417,0.200863,0.057519,0.204666,0.087237,0.07813779,Plexus,100 Clients(Plexus).csv,5
3,66,0.230763,2.880767,0.202518,0.079576,0.21014,0.107487,0.084321699,Plexus,100 Clients(Plexus).csv,6
3,67,0.109049,3.126884,0.201153,0.068789,0.206787,0.098798,0.081618534,Plexus,100 Clients(Plexus).csv,7
3,68,0.093441,3.392798,0.200986,0.063207,0.206167,0.093461,0.07885679,Plexus,100 Clients(Plexus).csv,8
3,69,0.246019,3.577085,0.201503,0.068446,0.208155,0.09869,0.082213876,Plexus,100 Clients(Plexus).csv,9
3,70,0.235726,379.766,0.201014,0.060032,0.206818,0.090433,0.077858847,Plexus,100 Clients(Plexus).csv,10
3,71,0.246746,3.952816,0.201127,0.065536,0.206238,0.095707,0.078418972,Plexus,100 Clients(Plexus).csv,11
3,72,0.27117,4.266034,0.201231,0.064231,0.207151,0.09468,0.078630687,Plexus,100 Clients(Plexus).csv,12
3,73,0.247256,4.455838,0.20129,0.065371,0.207198,0.095537,0.07633809,Plexus,100 Clients(Plexus).csv,13
3,74,0.28879,4.639479,0.201224,0.063142,0.20726,0.093697,0.079568535,Plexus,100 Clients(Plexus).csv,14
3,75,0.250943,4.844407,0.203746,0.066216,0.214165,0.097624,0.079543168,Plexus,100 Clients(Plexus).csv,15
3,76,0.282237,4.903498,0.201467,0.062336,0.208023,0.092848,0.079955523,Plexus,100 Clients(Plexus).csv,16
3,77,0.273916,5.068667,0.202158,0.062818,0.209736,0.093505,0.077316916,Plexus,100 Clients(Plexus).csv,17
3,78,0.293477,5.182654,0.201167,0.053852,0.207447,0.083482,0.076861708,Plexus,100 Clients(Plexus).csv,18
3,79,0.272918,5.271339,0.215054,0.079402,0.242522,0.113679,0.087595445,Plexus,100 Clients(Plexus).csv,19
4,80,2.981839,2.334036,0.194629,0.048713,0.162045,0.068931,0.078343858,Plexus,100 Clients(Plexus).csv,0
4,81,7.915276,1.042956,0.197299,0.065616,0.18377,0.082293,0.079626676,Plexus,100 Clients(Plexus).csv,1
4,82,3.205847,742.725,0.191734,0.092158,0.136998,0.051941,0.072509307,Plexus,100 Clients(Plexus).csv,2
4,83,2.161203,722.847,0.174584,0.03395,0.132365,0.049337,0.065986786,Plexus,100 Clients(Plexus).csv,3
4,84,1.660754,7.417879,0.094388,0.045432,0.106709,0.045856,0.04386481,Plexus,100 Clients(Plexus).csv,4
4,85,1.381075,812.178,0.085317,0.029483,0.119013,0.03196,0.035451479,Plexus,100 Clients(Plexus).csv,5
4,86,1.180998,9.232328,0.084011,0.020094,0.121524,0.030861,0.034289107,Plexus,100 Clients(Plexus).csv,6
4,87,1.137553,9.089365,0.08401,0.020316,0.121826,0.030711,0.03420151,Plexus,100 Clients(Plexus).csv,7
4,88,0.942265,9.764066,0.081784,0.025149,0.121669,0.030652,0.033798152,Plexus,100 Clients(Plexus).csv,8
4,89,0.985365,1.032065,0.079374,0.027955,0.120062,0.030193,0.033186814,Plexus,100 Clients(Plexus).csv,9
4,90,0.924193,1.055187,0.079086,0.027754,0.121815,0.032533,0.033367965,Plexus,100 Clients(Plexus).csv,10
4,91,0.843552,1.149738,0.078663,0.027652,0.121433,0.032336,0.033396343,Plexus,100 Clients(Plexus).csv,11
4,92,0.792409,1.171718,0.075646,0.027448,0.121949,0.035068,0.032534048,Plexus,100 Clients(Plexus).csv,12
4,93,0.855315,1.232905,0.074723,0.027499,0.123293,0.036391,0.032548471,Plexus,100 Clients(Plexus).csv,13
4,94,0.797185,1.264133,0.074837,0.028771,0.120646,0.036533,0.032388855,Plexus,100 Clients(Plexus).csv,14
4,95,0.696432,1.427751,0.074549,0.028265,0.123243,0.037996,0.032590866,Plexus,100 Clients(Plexus).csv,15
4,96,0.80684,1.438861,0.0745,0.027902,0.126398,0.040764,0.0327383,Plexus,100 Clients(Plexus).csv,16
4,97,0.61857,1.587791,0.071161,0.027435,0.122711,0.037739,0.032026138,Plexus,100 Clients(Plexus).csv,17
4,98,0.788541,1.607864,0.071686,0.026453,0.127354,0.03943,0.032352138,Plexus,100 Clients(Plexus).csv,18
4,99,0.656852,1.714083,0.047506,0.026135,0.112583,0.036255,0.022360648,Plexus,100 Clients(Plexus).csv,19
5,100,1.919226,8.795357,0.080128,0.06785,0.113112,0.042812,0.03934229,Plexus,100 Clients(Plexus).csv,0
5,101,9.836585,62.575,0.132047,0.09977,0.145538,0.063659,0.063347136,Plexus,100 Clients(Plexus).csv,1
5,102,5.798586,5.694445,0.134367,0.067056,0.135288,0.055326,0.049385573,Plexus,100 Clients(Plexus).csv,2
5,103,4.264896,5.454816,0.137514,0.059339,0.120947,0.043955,0.047175781,Plexus,100 Clients(Plexus).csv,3
5,104,3.773924,5.578751,0.128712,0.017254,0.096808,0.027369,0.036931974,Plexus,100 Clients(Plexus).csv,4
5,105,3.658469,6.136639,0.090298,0.044249,0.075379,0.027781,0.038884489,Plexus,100 Clients(Plexus).csv,5
5,106,3.475622,7.861879,0.029311,0.019865,0.059808,0.010793,0.006299162,Plexus,100 Clients(Plexus).csv,6
5,107,3.305452,1.145791,0.026945,0.032144,0.058836,0.00931,0.003073738,Plexus,100 Clients(Plexus).csv,7
5,108,3.303137,1.508934,0.026848,0.005186,0.058768,0.009105,0.002888426,Plexus,100 Clients(Plexus).csv,8
5,109,3.948783,1.882839,0.026754,0.002161,0.058622,0.004147,0.001598892,Plexus,100 Clients(Plexus).csv,9
5,110,4.636625,1.999311,0.026607,0.001888,0.058395,0.003616,0.00205875,Plexus,100 Clients(Plexus).csv,10
5,111,5.470896,2.013658,0.026295,0.003748,0.05791,0.006738,0.004134067,Plexus,100 Clients(Plexus).csv,11
5,112,53.188,180.593,0.011661,0.022372,0.035186,0.009625,0.00602405,Plexus,100 Clients(Plexus).csv,12
5,113,5.386058,1.512333,0.00809,0.00531,0.029641,0.000902,0.000407542,Plexus,100 Clients(Plexus).csv,13
5,114,4.671813,1.340525,0.008039,0.005067,0.029561,0.000754,0.000311993,Plexus,100 Clients(Plexus).csv,14
5,115,5.171451,1.218931,0.007944,0.029742,0.029413,0.000465,0.000126529,Plexus,100 Clients(Plexus).csv,15
5,116,4.127965,1.255365,0.007943,0.059108,0.029412,0.000464,0.000126079,Plexus,100 Clients(Plexus).csv,16
5,117,481.293,122.847,0.007944,0.057657,0.029412,0.000465,0.000128296,Plexus,100 Clients(Plexus).csv,17
5,118,4.413815,1.252399,0.007944,0.028175,0.029412,0.000465,0.000127999,Plexus,100 Clients(Plexus).csv,18
5,119,37.926,1.249517,0.007944,0.028011,0.029412,0.000465,0.000127703,Plexus,100 Clients(Plexus).csv,19
